dir3,dir3_ID
ОНЛАЙН Цигун,313
ОНЛАЙН Йога,214
Тренировки долголетия (спецпроект по медицинской реабилитации),410
ОФП,326
ОНЛАЙН Правильное питание,268
ОНЛАЙН Краеведение и онлайн-экскурсии,224
ОНЛАЙН Мастер-класс по уходу за кожей в зрелом возрасте,236
ОНЛАЙН Психологические тренинги,273
ОНЛАЙН Ландшафтный дизайн,229
Скандинавская ходьба,384
ОНЛАЙН Танцы для всех,294
Суставная гимнастика,397
Мастер-класс по уходу за кожей в зрелом возрасте,132
ОНЛАЙН Иные интеллектуальные игры,198
Танцевальная гимнастика,399
ОНЛАЙН Дыхательная гимнастика,182
ОНЛАЙН Гимнастика,173
Йога,96
ОНЛАЙН Здоровая спина,186
ОНЛАЙН ОФП,247
Зумба,70
ОНЛАЙН Латиноамериканские танцы,230
ОНЛАЙН Ментальная арифметика,237
Рукоделие и творчество,375
Оздоровительная гимнастика,330
Бальные танцы,21
Цигун,435
Курсы компьютерной грамотности,119
Осваиваем мобильные устройства,333
Пилатес,346
Фитнес,418
ОНЛАЙН Московский театрал,240
ОНЛАЙН Суставная гимнастика,291
Экскурс в историю,447
Краеведение и пешие прогулки,116
Бильярд,26
Здоровая спина,66
Адаптивная и тонизирующая гимнастика,6
ОНЛАЙН Фотостудия/видеостудия,306
Хоровое пение,431
ОНЛАЙН География. Путешествия вокруг света,172
Декупаж,54
ОНЛАЙН Осваиваем мобильные устройства,254
Латиноамериканские танцы,121
Гимнастика мозга,49
ОНЛАЙН Оздоровительная гимнастика,252
Гимнастика,48
Стрейчинг,394
Танцы для всех,402
Тренажеры,408
ОНЛАЙН Здорово жить,187
Экологические программы,445
Бодибалет,28
Современные танцы,390
Английский язык для начинающих,10
ОНЛАЙН Гимнастика мозга,174
ОНЛАЙН Бояться нельзя или Смартфон для повседневной жизни,160
Памятники культуры,339
ИЗО,71
ОНЛАЙН Различные техники рисования,278
Танцевальная физкультура,400
ОНЛАЙН Адаптивная и тонизирующая гимнастика,147
ОНЛАЙН Танцевальная гимнастика,293
ОНЛАЙН Рисование анти-стресс,280
ОНЛАЙН Рукоделие и творчество,283
История искусства,88
ОНЛАЙН Масляная живопись,235
Дыхательная гимнастика,63
ОНЛАЙН История моды и прически,208
Тайцзи,398
Клубные танцы,112
Фотостудия/видеостудия,424
Восточные танцы,37
ОНЛАЙН История искусства,205
ОНЛАЙН Валяние из шерсти,161
Правильное питание,352
ОНЛАЙН Литературная мастерская,233
ОНЛАЙН Английский язык,150
ОНЛАЙН Испанский язык,201
Настольный теннис,142
Школа моделей,442
ОНЛАЙН Акварельная живопись,148
Иные настольные игры,80
"ОНЛАЙН Психологический лекторий ""Всё только начинается""",274
ОНЛАЙН Физкультурно-оздоровительные занятия,302
Витражное искусство,34
Московский театрал,139
Дыхательная гимнастика по системе Стрельниковой,64
ОНЛАЙН Основы духовной культуры,257
"ОНЛАЙН История, культура России",211
"ОНЛАЙН Текстильный дизайн, кройка и шитье",295
ОНЛАЙН Немецкий язык,245
ОНЛАЙН Кулинарные курсы,227
ОНЛАЙН Корригирующая гимнастика для глаз,223
ОНЛАЙН Французский язык,307
Ушу,415
"ОНЛАЙН Экономическая, финансовая грамотность",320
"ОНЛАЙН Изготовление кукол, игрушек",193
Авторские курсы/маршруты,5
ОНЛАЙН Тайцзи,292
Пение,343
ОНЛАЙН Здоровый сон,190
Ландшафтный дизайн,120
Французский язык,425
ОНЛАЙН Итальянский язык,212
ОНЛАЙН Иные иностранные языки,197
ОНЛАЙН Китайский язык,220
ОНЛАЙН Школа макияжа,316
ОНЛАЙН Уход за волосами,299
Основы академического рисунка и живописи,334
Испанский язык,84
Психологические тренинги,358
ОНЛАЙН Садоводство,284
Английский язык,9
Шахматы,436
ОНЛАЙН Архитектура Москвы и Подмосковья,156
ОНЛАЙН Арабский язык,155
Здорово жить,67
ОНЛАЙН Китайская живопись У-Син,219
ОНЛАЙН Техника речи,296
Спортивные танцы,392
Немецкий язык,143
ОНЛАЙН Курсы компьютерной грамотности,228
ОНЛАЙН Английский язык разговорный,154
ОНЛАЙН Английский язык для начинающих,151
ОНЛАЙН ИЗО,191
Исторические танцы,86
ОНЛАЙН Вязание крючком,169
Различные техники рисования,365
ГТО,45
Вязание на спицах,44
Вышивка атласными лентами,40
ОНЛАЙН Правовая грамотность,269
ОНЛАЙН Восточные танцы,164
Литературная мастерская,125
Акварельная живопись,7
Физкультурно-оздоровительные занятия,417
ОНЛАЙН История литературы,207
ОНЛАЙН Спортивные танцы,290
ОНЛАЙН Изготовление аксессуаров и декоративных украшений,192
ОНЛАЙН Художественное слово,311
История моды и прически,91
Лечебная физкультура,122
ОНЛАЙН Краеведение и онлайн-экскурсии по миру,226
ОНЛАЙН Продвинутый интернет,272
Фольклорная песня,423
ОНЛАЙН Флористика,304
ОНЛАЙН Шахматы и шашки,315
Генеалогия,46
ОНЛАЙН Лечебная физкультура,231
Флористика,421
ОНЛАЙН Здоровый образ жизни (ЗОЖ),189
ОНЛАЙН Москва и москвичи,238
ОНЛАЙН Искусство коммуникаций,200
Графика,51
ОНЛАЙН Краеведение и онлайн-экскурсии по Москве и России,225
ОНЛАЙН Дизайн одежды,179
Ментальная арифметика,133
Футбол,428
Шахматы и шашки,437
ОНЛАЙН Эмоциональный интеллект,324
ОНЛАЙН Дизайн интерьера,178
ОНЛАЙН Ушу,301
Роспись по шелку (батик),374
Хореография,430
ОНЛАЙН История кинематографа,206
ОНЛАЙН Перезагрузка (программа школы для помощи внукам)/ знай учебник лучше внука,264
Классические танцы,110
Волейбол,35
Аэробика,19
ОНЛАЙН Доступный интернет,181
ОНЛАЙН Вышивка атласными лентами,167
Большой теннис,29
Народные танцы,141
Техника речи,405
Петанк (бочче),345
Иные подвижные игры,81
"Изготовление кукол, игрушек",74
"ОНЛАЙН История, культура Москвы",210
Литература,124
ОНЛАЙН Пение,263
Здоровый образ жизни (ЗОЖ),69
Эко-практикум и эко-привычки,443
Хоккей/хоккей на траве/хоккей в зале,429
Итальянский язык,94
ОНЛАЙН Автомобильная школа,145
ОНЛАЙН Вторая жизнь вещей,166
Линейные танцы,123
Рисование анти-стресс,368
Правовая грамотность,353
ОНЛАЙН Литература,232
"История, культура Москвы",92
ОНЛАЙН Школа моделей,317
ОНЛАЙН Организация пространства,253
Кулинарные курсы,118
ОНЛАЙН Подарки своими руками,266
ОНЛАЙН Дыхательная гимнастика по системе Стрельниковой,183
"Текстильный дизайн, кройка и шитье",404
ОНЛАЙН Основы академического рисунка и живописи,255
Уход и содержание домашних животных,414
ОНЛАЙН Турецкий язык,298
ОНЛАЙН Английский язык для общения и путешествий. Продвинутый курс,153
ОНЛАЙН Церковнославянский язык,312
Караоке,102
ОНЛАЙН Роспись по шелку (батик),282
ОНЛАЙН Графика,175
Основы духовной культуры,336
ОНЛАЙН Авторские курсы/маршруты,146
Скалолазание,383
Творческие встречи,403
Работа на компьютере и в социальных сетях,363
ОНЛАЙН Скорочтение,286
Скорочтение,385
Тир. Стрельба из пневматического/лазерного оружия,406
ОНЛАЙН Религиоведение,279
Каратэ,103
Иные иностранные языки,78
Вязание крючком,43
ОНЛАЙН Уход и содержание домашних животных,300
История кинематографа,89
ОНЛАЙН Бальные танцы,158
ОНЛАЙН Киберспорт,218
ОНЛАЙН Электронные услуги: учимся пользоваться,322
Городки,50
ОНЛАЙН Школа пчеловода,318
Психологический лекторий,359
ОНЛАЙН Музыка,241
ОНЛАЙН Обучение игре на фортепьяно,250
"История, культура России",93
Современная песня,387
ОНЛАЙН История русского искусства,209
Бадминтон,20
ОНЛАЙН Вязание на спицах,170
Английский язык разговорный,13
"Керамика (глина, тестопластика)",105
ОНЛАЙН Работа на компьютере и в социальных сетях,277
ОНЛАЙН История зарубежного искусства,204
Музыка,140
ОНЛАЙН Тренинги личностного роста,297
ОНЛАЙН Романсы,281
"Экономическая, финансовая грамотность",446
Лоскутное шитье,128
Тхэквондо,412
ОНЛАЙН Шахматы,314
ОНЛАЙН Москвоведение,239
ОНЛАЙН Японский язык,325
"Плетение из бумаги, квиллинг, оригами",349
Китайский язык,109
Бисероплетение,27
Электронные услуги: учимся пользоваться,450
Иное литературное творчество,75
Китайская живопись У-Син,108
"Психологический лекторий ""Всё только начинается""",360
Изготовление и оформление фотоальбомов (Скрапбукинг),73
Иные интеллектуальные игры,79
Искусство коммуникаций,83
ОНЛАЙН Генеалогия,171
Викторины,33
Религиоведение,367
Роспись по дереву. Художественная обработка древесины,373
Масляная живопись,131
Художественное слово,432
Организация пространства,332
ОНЛАЙН Хореография,309
Иппотерапия,82
Шейпинг,439
Подарки своими руками,350
Изготовление аксессуаров и декоративных украшений,72
Художественные промыслы,433
ОНЛАЙН Астрономия,157
ОНЛАЙН Современные танцы,289
ОНЛАЙН Обучение игре на гитаре,248
Дартс,53
Карвинг (искусство художественной резки по овощам и фруктам),104
ОНЛАЙН Фитодизайн,303
Обучение игре на гитаре,327
Фламенко,420
ОНЛАЙН Иные настольные игры,199
Школа макияжа,440
Садоводство,377
Греческий язык,52
Калланетика,99
Продвинутый интернет,356
Уход за волосами,413
"Смартфоны и компьютеры - это удобно, практично",386
Все о смартфонах. Чему и как учиться? (ОС Android/IOS),38
Английский язык для общения и путешествий. Базовый курс,11
Арабский язык,15
История литературы,90
Мини-футбол,134
Макраме,130
Ритмика и движение,371
Вторая жизнь вещей,39
ОНЛАЙН Наука,243
ОНЛАЙН Огород на подоконнике,251
Современные настольные игры,388
ОНЛАЙН Вышивка гладью и крестом,168
"ОНЛАЙН Плетение из бумаги, квиллинг, оригами",265
ОНЛАЙН Иное литературное творчество,194
Джиу-джицу искусство рукопашного боя,55
ОНЛАЙН Классические танцы,221
Эмоциональный интеллект,451
Киберспорт,106
Валяние из шерсти,31
Дизайн интерьера,57
ОНЛАЙН Как остаться с внуками на ты или секреты межпоколенческой коммуникации,215
ОНЛАЙН Итальянский язык для общения и путешествий. Базовый курс,213
ОНЛАЙН Хоровое пение,310
"Свой бизнес, самозанятость",380
ОНЛАЙН Декупаж,177
ОНЛАЙН Психология личностного роста серебряного возраста. Базовый курс,276
ОНЛАЙН Памятники мирового искусства. Базовый курс,259
ОНЛАЙН Английская литература,149
ОНЛАЙН Витражное искусство,163
ОНЛАЙН Лоскутное шитье,234
ОНЛАЙН Прикладная живопись,271
ОНЛАЙН Информационные технологии для москвичей,196
ОНЛАЙН Основы компьютерной графики: обработка фотографий в графических редакторах. Базовый курс,258
ОНЛАЙН Немецкий язык для общения и путешествий. Базовый курс,246
ОНЛАЙН Фольклор,305
ОНЛАЙН Основы видеомонтажа: от идеи до результата. Базовый курс,256
ОНЛАЙН Карвинг (искусство художественной резки по овощам и фруктам),217
ОНЛАЙН Памятники мирового искусства. Вводный курс,260
ОНЛАЙН Педагог дополнительного образования,262
Лыжи,129
ОНЛАЙН Английский язык для общения и путешествий. Базовый курс,152
Автомобильная школа,2
ОНЛАЙН Информационное пространство жизни. Базовый курс,195
ОНЛАЙН Все о смартфонах. Чему и как учиться? (ОС Android/IOS),165
ОНЛАЙН Смартфон на каждый день (смартфон ОС IOS),287
ОНЛАЙН Греческий язык,176
ОНЛАЙН Психология дошкольника или как помочь внуку. Вводный курс,275
"ОНЛАЙН Свой бизнес, самозанятость",285
ОНЛАЙН История Москвы и России для всех поколений,203
ОНЛАЙН Экскурс в историю,321
ОНЛАЙН Французский язык для общения и путешествий. Базовый курс,308
ОНЛАЙН Обучение игре на музыкальных инструментах,249
ОНЛАЙН Наше наследие: хранители истории,244
Доступный интернет,62
Астрономия,17
ОНЛАЙН Предпринимательская деятельность в малом и среднем бизнесе,270
ОНЛАЙН Музыкальная гостиная,242
Степ-аэробика,393
Фольклор,422
Романсы,372
ОНЛАЙН Памятники отечественного искусства,261
Москвоведение,137
ОНЛАЙН Живопись с нуля (правополушарное рисование),185
Обучение игре на музыкальных инструментах,328
ОНЛАЙН Бисероплетение,159
Короткий рисунок с живой натуры,114
Школа маникюра,441
Эко-просвещение,444
География. Путешествия вокруг света,47
ОНЛАЙН Викторины,162
ОНЛАЙН Экология человека. Как выжить в мегаполисе,319
Вышивка бисером,41
Русское лото,376
"ОНЛАЙН Смартфоны и компьютеры - это удобно, практично",288
Баскетбол,23
Экскурсионные программы в музеях,448
Канзаши (японские традиционные женские украшения из атласных лент),100
Танцевальные вечера,401
"ОНЛАЙН Эмоции, стресс и здоровье",323
Бояться нельзя или Смартфон для повседневной жизни,30
Дискуссионный клуб,60
Архитектура Москвы и Подмосковья,16
Волейбол (пионербол),36
Капоэйра— бразильское национальное боевое искусство,101
ОНЛАЙН Клуб книголюбов,222
ОНЛАЙН Поэтический клуб,267
ОНЛАЙН Испанский язык для общения и путешествий. Базовый курс,202
Клуб любителей истории,111
ОНЛАЙН Еда с умом и для ума,184
Информационные технологии для москвичей,77
История Москвы и России для всех поколений,87
Прикладная живопись,355
Как провести интересную экскурсию или организовать тур?,98
ОНЛАЙН Дискуссионный клуб,180
Москва и москвичи,136
Бардовская песня,22
Бесконфликтное поведение,25
Тренажер развития познавательных способностей,407
Фигурное катание,416
Экскурсоведение,449
Компьютерная графика и дизайн,113
Здоровое похудение,68
Тренинги личностного роста,409
Литературное творчество в современном мире. Базовый курс,126
Испанский язык для общения и путешествий. Базовый курс,85
Корригирующая гимнастика для глаз,115
Папье-маше,342
Атлетическая гимнастика,18
Итальянский язык для общения и путешествий. Базовый курс,95
Вышивка гладью и крестом,42
Немецкий язык для общения и путешествий. Базовый курс,144
Французский язык продвинутый курс,427
Основы реставрации мебели,338
ОНЛАЙН Здоровое похудение,188
Психологические проблемы общения. Базовый курс,357
Секреты добрососедства,381
Английская литература,8
Психология развития,362
Безопасность жизнедеятельности,24
Рисуем песком,369
Шашки,438
Памятники мирового искусства. Базовый курс,340
Оказание первой помощи,331
Стрельба из лука,395
Интернет-маркетинг,76
Я – москвовед. Москва златоглавая. Базовый курс,452
Дизайнер интерьера,59
Предпринимательская деятельность в малом и среднем бизнесе,354
Фитодизайн,419
Психология личностного роста серебряного возраста. Базовый курс,361
Младшая медсестра,135
Взаимоотношения с детьми и внуками,32
Работа с офисными приложениями. Базовый курс,364
Памятники отечественного искусства,341
Японский язык,453
Кинолекторий,107
Английский язык для общения и путешествий. Продвинутый курс,12
Секреты немецкой грамматики. Продвинутый курс,382
Церковнославянский язык,434
Свободное посещение,379
Добровольчество (волонтерство),61
Студия семейного досуга и творчества,396
Авторская кукла. Продвинутый курс,4
Авторская кукла. Базовый курс,3
Рисунок/графика,370
Как остаться с внуками на ты или секреты межпоколенческой коммуникации,97
Основы компьютерной графики: обработка фотографий в графических редакторах. Базовый курс,337
Основы видеомонтажа: от идеи до результата. Базовый курс,335
ОНЛАЙН Как провести интересную экскурсию или организовать тур?,216
"Современные средства и инструменты удаленного общения на смартфоне, планшете ОС Андроид. Продвинутый курс",389
Москвоведение. Я шагаю по Москве. Продвинутый курс,138
Дзюдо,56
Современный этикет. Практический курс,391
Турецкий язык,411
Пилотное мастерство,347
Поэтические вечера,351
Самбо,378
Регби,366
Защита от мошенников,65
Огород на подоконнике,329
Литературное творчество. Вводный курс,127
Кружок правовой грамотности для людей предпенсионного возраста и пенсионеров,117
Английский язык. Базовый курс,14
Французский язык для общения и путешествий. Базовый курс,426
3D-моделирование,1
Перезагрузка (программа школы для помощи внукам)/ знай учебник лучше внука,344
Дизайн одежды,58
Плетение Фриволите (кружево),348
